Project;ncommits;nauthors;from;to;nstars;nforks;lastGHCommitDate;LongestGapStart;LongestGapEnd;LongestGapLength;NumCommitsAfterLastGap;ActivityPattern;NumberOfGapsInTimeline;BeforeThemes;AfterThemes;Currentstatus;HypothesizedGapReason;HasRecovered;WhyRecovered;WhoRecovered;RecentThemes;Notes
ashiklom_edr-da;458;5;1477337165;1750426419;7;4;2025-06-20;2021-05;2025-05;49;1;declining;3;Documentation updates:Bug fixes;Documentation updates:Other;Active;Development appears to have largely concluded after a concentrated period of manuscript/research-related revisions. The final pre-gap commits focus on reviewer comments, discussion/conclusion revisions, acknowledgments, and documentation.;Yes;A single post-gap commit created a LICENSE file in June 2025, indicating a small maintenance update rather than a full return to development.;Same contributor. Alexey Shiklomanov authored both the pre-gap work and the post-gap commit, although the email address changed.;Documentation updates:Bug fixes;The project shows a declining activity pattern and experienced a 49-month gap after research- and manuscript-related work. Activity resumed in June 2025 with a single LICENSE commit by the same contributor, so the recovery appears limited rather than a full return to development. The project is classified as Active at the September 2025 snapshot because that commit falls within the previous six months.
ctlab_fgsea;544;33;1461616806;1762551642;459;77;2026-09-22;2023-11;2024-03;5;81;irregular;4;Release:Other;Feature development:Documentation updates;Active;No explicit reason for the inactivity is stated in the surrounding commits. Pre-gap work includes version changes and CI infrastructure maintenance, suggesting a pause between maintenance/development periods.;Yes;Development resumed with additional feature and documentation work after the gap.;Primarily returning contributors. Authors present before the gap also appear after the gap.;Bug fixes:Release;The project has an irregular activity pattern with several periods of inactivity, but its longest gap lasted only five months. Development recovered with returning contributors performing feature, documentation, and maintenance work. By September 2025 the project remained Active, with recent commits focused mainly on bug fixes and releases.
evalf_nutils;6587;49;1329989907;1757000677;102;47;2026-09-21;2022-02;2022-02;1;1456;irregular;0;Bug fixes:Release;Feature development:Dependency updates;Active;N/A active Project;N/A active Project;N/A active Project;N/A active Project;Bug fixes:Dependency updates;The project has an irregular but highly active development history, with no inactivity gaps of three months or longer. Its longest zero-commit period was only one month, after which normal development immediately continued. It remained Active at the September 2025 snapshot, with recent work dominated by bug fixes and dependency updates.
exascaleinfolab_bench-vldb20;607;10;1539276296;1737636470;41;15;2025-01-23;2023-01;2023-07;7;51;declining;5;Other:Documentation updates;Documentation updates:Feature development;Inactive;The repository is a benchmark associated with the ImputeBench/VLDB work, so activity appears project- or research-driven rather than continuous software maintenance. No surrounding commit explicitly states why development paused.;Yes;Commits resumed after the longest gap for additional benchmark, feature, and documentation work, but the project later became inactive again.;Returning contributors, including authors who were active before the gap.;Documentation updates:Other;The project shows declining activity and experienced a seven-month longest gap. Work resumed afterward with benchmark features and documentation updates, but later activity became dominated by README changes rather than continued software development. Its most recent activity before the September 2025 snapshot was in January 2025, so the project is classified as Inactive.
lampspuc_statespacemodels.jl;1113;35;1516020652;1773935433;291;30;2026-08-24;2025-04;2025-12;9;20;declining;6;Documentation updates:Bug fixes;Bug fixes:Feature development;Inactive;No explicit cause is stated in the surrounding commits. The gap appears to be a temporary maintenance lull in a mature Julia package.;Yes;Development resumed with bug fixes and feature work, and the repository continues to invite fixes and new model contributions.;Recovery involved active human contributors after pre-gap activity that also included automated documentation work.;Documentation updates:Release;The project shows declining activity with multiple inactivity periods and a nine-month longest gap. It recovered from that gap with numerical fixes and additional development, but activity later paused again. Its most recent pre-snapshot commits were in March 2025, making it Inactive as of September 2025.
oxfordska_oskar;2743;24;1289905814;1761294322;82;46;2026-07-23;2015-06;2015-11;6;741;declining;1;Bug fixes:Feature development;Bug fixes:Documentation updates;Active;"Repository infrastructure problems are the strongest evidence surrounding the gap; post-gap commits indicate restoration of data following a Subversion repository failure.";Yes;Development resumed after repository data was restored and continued with fixes, documentation, and later releases.;Returning contributors, including Benjamin Mort, participated in the resumed development.;Bug fixes:Feature development;The project recovered from its six-month longest gap, with post-gap commits explicitly describing restoration of lost data following a Subversion repository failure. Returning contributors resumed fixes and documentation work, and development continued afterward. The project was Active at the September 2025 snapshot, with recent work combining bug fixes and feature development.
paulhancock_aegean;2402;23;1330396617;1753841963;52;14;2025-07-28;2022-12;2023-04;5;320;irregular;6;Bug fixes:Release;Feature development:Bug fixes;Active;No explicit abandonment reason appears in the surrounding commits. The gap appears to have been a temporary pause in maintenance and development.;Yes;Development resumed with substantial feature work and bug fixes, including work on BANE and other Aegean functionality.;"New contributors played an important role after the gap; the post-gap author set differs from the pre-gap contributors.";Release:Other;The project has an irregular activity pattern with several gaps, including a five-month longest gap. Development resumed with substantial feature work, with the post-gap contributor set differing from the contributors immediately before the gap. The project remained Active at the September 2025 snapshot and had recent release and publishing-related activity.
pseudomanifold_aleph;2222;10;1473339037;1752677613;108;15;2025-07-16;2023-02;2025-06;29;1;declining;5;Bug fixes:Feature development;Bug fixes:Other;Active;Activity had already declined substantially before the 29-month gap. No explicit cause is documented in the surrounding commits, suggesting a prolonged maintenance lull in a mature research library.;Yes;Only one commit follows the gap in the collected data, fixing the PKGBUILD URL, so recovery appears to be isolated maintenance rather than renewed active development.;Same maintainer. Bastian Rieck appears before and after the gap, with a different email address.;Bug fixes:Feature development;The project shows a declining activity pattern and experienced a 29-month longest gap. The same maintainer eventually returned, but the only post-gap commit in the collected data was a PKGBUILD URL fix, indicating only limited recovery. That July 2025 maintenance commit nevertheless makes the project Active under the assignment's September 2025 six-month rule.
siepic_siepic_ebeam_pdk;3658;84;1447480391;1761227477;286;184;2026-02-13;2018-07;2018-07;1;1838;irregular;0;Bug fixes:Release;Feature development:Bug fixes;Active;N/A active Project;N/A active Project;N/A active Project;N/A active Project;Feature development:Release;The project has an irregular but consistently active development history, with no inactivity gaps of three months or longer. Its longest zero-commit period lasted only one month and was followed by continued collaborative development. It was Active in September 2025, with recent commits focused on feature development and releases.
trichter_rf;554;11;1361208896;1771950976;124;65;2026-05-05;2014-05;2015-05;13;425;irregular;11;Documentation updates:Other;Bug fixes:Release;Inactive;"The early 13-month gap appears to have been a development pause; the surrounding commits do not explicitly document a reason for inactivity.";Yes;Development resumed and eventually continued as an actively maintained receiver-function package with documentation, tutorials, fixes, and releases.;"The same core contributor returned; the author identities before and after the gap correspond to the project maintainer despite variations in recorded author information.";Bug fixes:Release;The project has an irregular activity pattern and recovered from its historical 13-month longest gap when its core contributor returned to development. However, recovery from that historical gap does not mean the project was active at the assignment snapshot. Its last commit before September 30, 2025 was in February 2025, so it is classified as Inactive despite later activity occurring after the snapshot.
